<?xml version="1.0" encoding="UTF-8"?>
<!--
   Copyright (c) 2016, WSO2 Inc. (http://www.wso2.org) All Rights Reserved.

   WSO2 Inc. licenses this file to you under the Apache License,
   Version 2.0 (the "License"); you may not use this file except
   in compliance with the License.
   You may obtain a copy of the License at

   http://www.apache.org/licenses/LICENSE-2.0

   Unless required by applicable law or agreed to in writing,
   software distributed under the License is distributed on an
   "AS IS" BASIS, WITHOUT WARRANTIES OR CONDITIONS OF ANY
   KIND, either express or implied. See the License for the
   specific language governing permissions and limitations
   under the License.
-->
<component name="salesforcerest-quickaction" type="synapse/template">
    <subComponents>
        <component name="sObjectAction">
            <file>sObjectAction.xml</file>
            <description>Return a specific object’s actions as well as global actions</description>
        </component>
        <component name="getSpecificAction">
            <file>getSpecificAction.xml</file>
            <description>Return a specific action for a specific object</description>
        </component>
        <component name="quickActions">
            <file>quickActions.xml</file>
            <description>Returns a list of global actions</description>
        </component>
        <component name="getDescribeSpecificAction">
            <file>getDescribeSpecificAction.xml</file>
            <description>Return a specific action’s descriptive detail</description>
        </component>
        <component name="getDefaultValueOfAction">
            <file>getDefaultValueOfAction.xml</file>
            <description>Return a specific action’s default values, including default field values
            </description>
        </component>
    </subComponents>
</component>





