<?xml version="1.0" encoding="UTF-8"?>
<!--
   Copyright (c) 2016, WSO2 Inc. (http://www.wso2.org) All Rights Reserved.

   WSO2 Inc. licenses this file to you under the Apache License,
   Version 2.0 (the "License"); you may not use this file except
   in compliance with the License.
   You may obtain a copy of the License at

   http://www.apache.org/licenses/LICENSE-2.0

   Unless required by applicable law or agreed to in writing,
   software distributed under the License is distributed on an
   "AS IS" BASIS, WITHOUT WARRANTIES OR CONDITIONS OF ANY
   KIND, either express or implied. See the License for the
   specific language governing permissions and limitations
   under the License.
-->
<component name="salesforcerest-records" type="synapse/template">
    <subComponents>
        <component name="create">
            <file>create.xml</file>
            <description>Insert sObject(s) synapse library</description>
        </component>
        <component name="delete">
            <file>delete.xml</file>
            <description>Delete sObject(s) synapse library</description>
        </component>
        <component name="update">
            <file>update.xml</file>
            <description>Update or update sObject(s) synapse library</description>
        </component>
        <component name="recentlyViewedItem">
            <file>recentlyViewedItem.xml</file>
            <description>Gets the most recently accessed items that were viewed or referenced by the
                current user
            </description>
        </component>
        <component name="retrieveFieldValues">
            <file>retrieveFieldValues.xml</file>
            <description>Retrieve specific field values from a record</description>
        </component>
        <component name="createMultipleRecords">
            <file>createMultipleRecords.xml</file>
            <description>Insert multiple sObject(s)</description>
        </component>
        <component name="createNestedRecords">
            <file>createNestedRecords.xml</file>
            <description>Insert nested sObject(s)</description>
        </component>
        <component name="retrieveFieldValuesFromExternalObject">
            <file>retrieveFieldValuesFromExternalObject.xml</file>
            <description>Retrieve specific field values from an External Object</description>
        </component>
        <component name="retrieveStandardFieldValuesFromExternalObjectWithExternalId">
            <file>retrieveStandardFieldValuesFromExternalObjectWithExternalId.xml</file>
            <description>Retrieve specific Standard field values from an External Object using
                External Id
            </description>
        </component>
    </subComponents>
</component>





