<?xml version="1.0" encoding="UTF-8"?>
<!--
   Copyright (c) 2016, WSO2 Inc. (http://www.wso2.org) All Rights Reserved.
   WSO2 Inc. licenses this file to you under the Apache License,
   Version 2.0 (the "License"); you may not use this file except
   in compliance with the License.
   You may obtain a copy of the License at

   http://www.apache.org/licenses/LICENSE-2.0

   Unless required by applicable law or agreed to in writing,
   software distributed under the License is distributed on an
   "AS IS" BASIS, WITHOUT WARRANTIES OR CONDITIONS OF ANY
   KIND, either express or implied.  See the License for the
   specific language governing permissions and limitations
   under the License.
-->
<template name="delete" xmlns="http://ws.apache.org/ns/synapse">
    <parameter name="sobject" description="The type of sobject."/>
    <parameter name="idToDelete" description="The Id of the object will be going to delete."/>
    <sequence>
        <property name="uri.var.sobject" expression="$func:sobject"/>
        <property name="uri.var.idToDelete" expression="$func:idToDelete"/>
        <property name="Accept-Encoding" scope="transport" action="remove"/>
        <call>
            <endpoint>
                <http method="delete"
                      uri-template="{uri.var.apiUrl}/services/data/{uri.var.apiVersion}/sobjects/{uri.var.sobject}/{uri.var.idToDelete}"/>
            </endpoint>
        </call>
    </sequence>
</template>