<?xml version="1.0" encoding="UTF-8"?>
<!--
   Copyright (c) 2016, WSO2 Inc. (http://www.wso2.org) All Rights Reserved.

   WSO2 Inc. licenses this file to you under the Apache License,
   Version 2.0 (the "License"); you may not use this file except
   in compliance with the License.
   You may obtain a copy of the License at

   http://www.apache.org/licenses/LICENSE-2.0

   Unless required by applicable law or agreed to in writing,
   software distributed under the License is distributed on an
   "AS IS" BASIS, WITHOUT WARRANTIES OR CONDITIONS OF ANY
   KIND, either express or implied. See the License for the
   specific language governing permissions and limitations
   under the License.
-->
<component name="salesforcerest-search" type="synapse/template">
    <subComponents>
        <component name="search">
            <file>search.xml</file>
            <description>Executes the specified SOSL search</description>
        </component>
        <component name="searchScopeAndOrder">
            <file>searchScopeAndOrder.xml</file>
            <description>Returns an ordered list of objects in the default global search scope of a
                logged-in user.
            </description>
        </component>
        <component name="searchResultLayout">
            <file>searchResultLayout.xml</file>
            <description>Returns search result layout information for the objects in the query
                string
            </description>
        </component>
        <component name="searchSuggestedRecords">
            <file>searchSuggestedRecords.xml</file>
            <description>Returns a list of suggested records whose names match the user’s search
                string
            </description>
        </component>
        <component name="searchSuggestedArticleTitle">
            <file>searchSuggestedArticleTitle.xml</file>
            <description>Returns a list of Salesforce Knowledge articles whose titles match the
                user’s search query string
            </description>
        </component>
        <component name="searchSuggestedQueries">
            <file>searchSuggestedQueries.xml</file>
            <description>Returns a list of suggested searches based on the user’s query string text
                matching searches that other users have performed in Salesforce Knowledge
            </description>
        </component>
    </subComponents>
</component>





