<?xml version="1.0" encoding="UTF-8"?>
<!--
   Copyright (c) 2016, WSO2 Inc. (http://www.wso2.org) All Rights Reserved.
   WSO2 Inc. licenses this file to you under the Apache License,
   Version 2.0 (the "License"); you may not use this file except
   in compliance with the License.
   You may obtain a copy of the License at

   http://www.apache.org/licenses/LICENSE-2.0

   Unless required by applicable law or agreed to in writing,
   software distributed under the License is distributed on an
   "AS IS" BASIS, WITHOUT WARRANTIES OR CONDITIONS OF ANY
   KIND, either express or implied.  See the License for the
   specific language governing permissions and limitations
   under the License.
-->
<template name="searchSuggestedArticleTitle" xmlns="http://ws.apache.org/ns/synapse">
    <parameter name="searchString" description="The SOQL query to execute the search"/>
    <parameter name="language"
               description="The language of the user’s query. Specifies the language that matching articles are written in"/>
    <parameter name="status"
               description="The article’s publication status. Valid values are Draft, Online or Archived"/>
    <sequence>
        <property name="uri.var.searchString" expression="$func:searchString"/>
        <property name="uri.var.language" expression="$func:language"/>
        <property name="uri.var.status" expression="$func:status"/>
        <property name="Accept-Encoding" scope="transport" action="remove"/>
        <call>
            <endpoint>
                <http method="get"
                      uri-template="{uri.var.apiUrl}/services/data/{uri.var.apiVersion}/search/suggestTitleMatches?q={+uri.var.searchString}&amp;language={+uri.var.language}&amp;publishStatus={+uri.var.status}"/>
            </endpoint>
        </call>
    </sequence>
</template>